Date,cours
26/1/2015,239.97
27/1/2015,232.93
28/1/2015,212.53
29/1/2015,206.19
30/1/2015,206.03
31/1/2015,194.22
1/2/2015,200.84
2/2/2015,209.9
3/2/2015,200.75
4/2/2015,201.25
5/2/2015,191.22
6/2/2015,197.3
7/2/2015,200.4
8/2/2015,197.04
9/2/2015,194.91
10/2/2015,195.5
11/2/2015,195.18
12/2/2015,196.04
13/2/2015,203.58
14/2/2015,222.03
15/2/2015,204.96
16/2/2015,208.17
17/2/2015,213.72
18/2/2015,206.45
19/2/2015,212.92
20/2/2015,214.86
21/2/2015,214.21
22/2/2015,207.61
23/2/2015,211.16
24/2/2015,209.32
25/2/2015,209.91
26/2/2015,210.06
27/2/2015,221.5
28/2/2015,220.78
1/3/2015,224.59
2/3/2015,242.72
3/3/2015,247.94
4/3/2015,245.42
5/3/2015,248.4
6/3/2015,248.74
7/3/2015,252.96
8/3/2015,251.39
9/3/2015,265.39
10/3/2015,270.87
11/3/2015,278.72
12/3/2015,278.62
13/3/2015,273.38
14/3/2015,269.87
15/3/2015,273.1
16/3/2015,275.27
17/3/2015,270.05
18/3/2015,242.09
19/3/2015,249.41
20/3/2015,245.53
21/3/2015,242.62
22/3/2015,249.25
23/3/2015,244.26
24/3/2015,230.44
25/3/2015,226.8
26/3/2015,230.54
27/3/2015,228.33
28/3/2015,232.46
29/3/2015,229.01
30/3/2015,228.45
31/3/2015,228.92
1/4/2015,232.73
2/4/2015,231.86
3/4/2015,232.63
4/4/2015,235.99
5/4/2015,231.88
6/4/2015,233.17
7/4/2015,227.42
8/4/2015,227.87
9/4/2015,223.16
10/4/2015,223.09
11/4/2015,223.43
12/4/2015,214.13
13/4/2015,206.47
14/4/2015,210.04
15/4/2015,213.06
16/4/2015,208.69
17/4/2015,207.21
18/4/2015,208.09
19/4/2015,208.81
20/4/2015,218.21
21/4/2015,217.41
22/4/2015,215.84
23/4/2015,213.22
24/4/2015,208.06
25/4/2015,203.44
26/4/2015,209.8
27/4/2015,206.8
28/4/2015,204.71
29/4/2015,210.57
30/4/2015,208.28
1/5/2015,210.85
2/5/2015,213.42
3/5/2015,213.51
4/5/2015,210.78
5/5/2015,203.68
6/5/2015,210.71
7/5/2015,212.64
8/5/2015,214.76
9/5/2015,212.96
10/5/2015,215.37
11/5/2015,215.17
12/5/2015,208.8
13/5/2015,208.62
14/5/2015,209.02
15/5/2015,206.4
16/5/2015,205.24
17/5/2015,203.18
18/5/2015,205.05
19/5/2015,207.69
20/5/2015,209.3
21/5/2015,212.33
22/5/2015,210.32
23/5/2015,214.14
24/5/2015,212.64
25/5/2015,214.45
26/5/2015,213.85
27/5/2015,215.37
28/5/2015,214.45
29/5/2015,212.07
30/5/2015,208.44
31/5/2015,204.19
1/6/2015,203.87
2/6/2015,200.36
3/6/2015,198.8
4/6/2015,201.32
5/6/2015,201.93
6/6/2015,200.78
7/6/2015,201.32
8/6/2015,202.36
9/6/2015,201.83
10/6/2015,203.29
11/6/2015,203.61
12/6/2015,203.64
13/6/2015,205.2
14/6/2015,208.27
15/6/2015,217.11
16/6/2015,216.64
17/6/2015,217.31
18/6/2015,215.11
19/6/2015,214.45
20/6/2015,213.61
21/6/2015,216.92
22/6/2015,217.07
23/6/2015,214.95
24/6/2015,215.5
25/6/2015,217.06
26/6/2015,223.52
27/6/2015,225.78
28/6/2015,229.24
29/6/2015,237.18
30/6/2015,233.67
1/7/2015,229.79
2/7/2015,231.16
3/7/2015,234.33
4/7/2015,244.46
5/7/2015,244.22
6/7/2015,242.82
7/7/2015,243.81
8/7/2015,245
9/7/2015,256.45
10/7/2015,262.05
11/7/2015,278.88
12/7/2015,264.02
13/7/2015,260.87
14/7/2015,259.23
15/7/2015,254.96
16/7/2015,257.2
17/7/2015,254.26
18/7/2015,252.7
19/7/2015,255
20/7/2015,251.98
21/7/2015,253.17
22/7/2015,251.5
23/7/2015,260.92
24/7/2015,262.29
25/7/2015,263.94
26/7/2015,263.33
27/7/2015,264.96
28/7/2015,262.69
29/7/2015,263.44
30/7/2015,259.32
31/7/2015,258.02
1/8/2015,258.16
2/8/2015,259.15
3/8/2015,261.29
4/8/2015,259.36
5/8/2015,255.71
6/8/2015,256.25
7/8/2015,240.2
8/8/2015,243.91
9/8/2015,241.68
10/8/2015,245.76
11/8/2015,242.77
12/8/2015,238.63
13/8/2015,241.48
14/8/2015,239.01
15/8/2015,236.59
16/8/2015,234.69
17/8/2015,230.01
18/8/2015,206.99
19/8/2015,212.13
20/8/2015,207.26
21/8/2015,204.49
22/8/2015,201.67
23/8/2015,186.01
24/8/2015,194.68
25/8/2015,200.81
26/8/2015,199.84
27/8/2015,208.18
28/8/2015,205.06
29/8/2015,204.65
30/8/2015,206.19
31/8/2015,202.54
1/9/2015,204.71
2/9/2015,203.59
3/9/2015,207.19
4/9/2015,211.32
5/9/2015,215.57
6/9/2015,214.71
7/9/2015,217.95
8/9/2015,213.29
9/9/2015,212.22
10/9/2015,212.81
11/9/2015,209.31
12/9/2015,203.4
13/9/2015,204.14
14/9/2015,204.7
15/9/2015,202.85
16/9/2015,204.49
17/9/2015,205.79
18/9/2015,203.71
19/9/2015,204.8
20/9/2015,202.46
21/9/2015,206.44
22/9/2015,205.53
23/9/2015,208.81
24/9/2015,209.73
25/9/2015,209.17
26/9/2015,207.77
27/9/2015,213.23
28/9/2015,211.19
29/9/2015,211.14
30/9/2015,212.93
1/10/2015,211.22
2/10/2015,212.56
3/10/2015,212.64
4/10/2015,214.49
5/10/2015,218.48
6/10/2015,216.63
7/10/2015,215.38
8/10/2015,215.57
9/10/2015,215.61
10/10/2015,217.26
11/10/2015,216.49
12/10/2015,218.23
13/10/2015,220.17
14/10/2015,223.13
15/10/2015,230.51
16/10/2015,235.51
17/10/2015,229.59
18/10/2015,232.53
19/10/2015,237.44
20/10/2015,234.78
21/10/2015,246.46
22/10/2015,250.32
23/10/2015,255.85
24/10/2015,260.05
25/10/2015,284.641
26/10/2015,257.79
27/10/2015,265.79
28/10/2015,276.79
29/10/2015,284.68
30/10/2015,296.65
31/10/2015,282.41
1/11/2015,296.09
2/11/2015,318.5
3/11/2015,360.02
4/11/2015,368.09
5/11/2015,349.52
6/11/2015,342.73
7/11/2015,357.93
8/11/2015,346.22
9/11/2015,352.13
10/11/2015,315.33
11/11/2015,286.21
12/11/2015,309.1
13/11/2015,312.61
14/11/2015,309.63
15/11/2015,298.41
16/11/2015,309.68
17/11/2015,314.69
18/11/2015,315.92
19/11/2015,304.28
20/11/2015,301.92
21/11/2015,305.75
22/11/2015,304.27
23/11/2015,304.01
24/11/2015,300.15
25/11/2015,308.84
26/11/2015,336.43
27/11/2015,340.9
28/11/2015,337.09
29/11/2015,351.09
30/11/2015,357.2
1/12/2015,342.33
2/12/2015,339.9
3/12/2015,331.71
4/12/2015,334.91
5/12/2015,352.72
6/12/2015,361.74
7/12/2015,363.8
8/12/2015,376.84
9/12/2015,377.31
10/12/2015,379.72
11/12/2015,404.58
12/12/2015,393.89
13/12/2015,395.59
14/12/2015,401.06
15/12/2015,421.85
16/12/2015,413.98
17/12/2015,418.48
18/12/2015,425.07
19/12/2015,424.75
20/12/2015,407.26
21/12/2015,400.17
22/12/2015,397.6
23/12/2015,405.3
24/12/2015,414.87
25/12/2015,414.88
26/12/2015,381.71
27/12/2015,387.8
28/12/2015,384.32
29/12/2015,395.16
30/12/2015,391.97
31/12/2015,396.94
1/1/2016,400.52
2/1/2016,399.81
3/1/2016,396.66
4/1/2016,400.14
5/1/2016,401.8
6/1/2016,401.23
7/1/2016,419.31
8/1/2016,415.82
9/1/2016,412.17
10/1/2016,410.07
11/1/2016,415.18
12/1/2016,412.73
13/1/2016,399.57
14/1/2016,397.04
15/1/2016,343.91
16/1/2016,356.13
17/1/2016,352.53
18/1/2016,355.22
19/1/2016,349.22
20/1/2016,380.93
21/1/2016,378.66
22/1/2016,358.23
23/1/2016,359.76
24/1/2016,373.67
25/1/2016,363.26
26/1/2016,361.88
27/1/2016,363.67
28/1/2016,348.9
29/1/2016,351.06
30/1/2016,349.27
31/1/2016,343.26
1/2/2016,342.57
2/2/2016,342.95
3/2/2016,333.17
4/2/2016,348.87
5/2/2016,344.77
6/2/2016,336.65
7/2/2016,335.48
8/2/2016,331.9
9/2/2016,333.18
10/2/2016,336.79
11/2/2016,334.1
12/2/2016,339.84
13/2/2016,344.5
14/2/2016,357.96
15/2/2016,357.07
16/2/2016,364.23
17/2/2016,373.62
18/2/2016,379.01
19/2/2016,376.2
20/2/2016,394.96
21/2/2016,391.08
22/2/2016,393.63
23/2/2016,380.85
24/2/2016,383.31
25/2/2016,383.82
26/2/2016,391.06
27/2/2016,393.98
28/2/2016,393.28
29/2/2016,398.29
1/3/2016,397.45
2/3/2016,390.29
3/3/2016,384.18
4/3/2016,371.52
5/3/2016,360.16
6/3/2016,366.46
7/3/2016,375.24
8/3/2016,373.9
9/3/2016,375.02
10/3/2016,373.03
11/3/2016,375.71
12/3/2016,367.35
13/3/2016,367.83
14/3/2016,373.95
15/3/2016,374.07
16/3/2016,372.32
17/3/2016,371.53
18/3/2016,364.43
19/3/2016,364.47
20/3/2016,367.09
21/3/2016,366.87
22/3/2016,371.49
23/3/2016,372.59
24/3/2016,372.43
25/3/2016,373.37
26/3/2016,374.12
27/3/2016,378.3
28/3/2016,369.52
29/3/2016,364.78
30/3/2016,367.41
31/3/2016,367.35
1/4/2016,369.95
2/4/2016,369.75
3/4/2016,369.65
4/4/2016,372.66
5/4/2016,371.18
6/4/2016,370.93
7/4/2016,369.12
8/4/2016,368.39
9/4/2016,369.67
10/4/2016,370.9
11/4/2016,374.28
12/4/2016,375.47
13/4/2016,377.09
14/4/2016,380.94
15/4/2016,382.21
16/4/2016,378.39
17/4/2016,379.01
18/4/2016,383.98
19/4/2016,390.89
20/4/2016,398.36
21/4/2016,397.7
22/4/2016,400.93
23/4/2016,408.15
24/4/2016,412.29
25/4/2016,414.23
26/4/2016,396.5
27/4/2016,397.71
28/4/2016,399.16
29/4/2016,391.17
30/4/2016,395.39
1/5/2016,387.01
2/5/2016,393.34
3/5/2016,389.94
4/5/2016,394.08
5/5/2016,404.14
6/5/2016,403.05
7/5/2016,402.66
8/5/2016,406.71
9/5/2016,397.21
10/5/2016,397.24
11/5/2016,400.65
12/5/2016,403.42
13/5/2016,403.34
14/5/2016,404.94
15/5/2016,401.91
16/5/2016,402.41
17/5/2016,403.6
18/5/2016,393.49
19/5/2016,395.47
20/5/2016,395.61
21/5/2016,391.66
22/5/2016,394.8
23/5/2016,399.38
24/5/2016,402.43
25/5/2016,404.15
26/5/2016,423.33
27/5/2016,471.08
28/5/2016,465.49
29/5/2016,476.46
30/5/2016,477.49
31/5/2016,480.81
1/6/2016,482.39
2/6/2016,500.79
3/6/2016,504.86
4/6/2016,506.19
5/6/2016,514.35
6/6/2016,508.62
7/6/2016,510.3
8/6/2016,509.93
9/6/2016,515.56
10/6/2016,529.18
11/6/2016,592.24
12/6/2016,623.02
13/6/2016,613.28
14/6/2016,617.05
15/6/2016,683.49
16/6/2016,664.31
17/6/2016,672.9
18/6/2016,676.87
19/6/2016,648.84
20/6/2016,597.47
21/6/2016,527.59
22/6/2016,550.64
23/6/2016,605.31
24/6/2016,608.11
25/6/2016,574.82
26/6/2016,592.13
27/6/2016,587.5
28/6/2016,575.33
29/6/2016,607.76
30/6/2016,609.29
1/7/2016,630.64
2/7/2016,599.4
3/7/2016,611.72
4/7/2016,608.31
5/7/2016,613.05
6/7/2016,581.37
7/7/2016,606.77
8/7/2016,595.04
9/7/2016,589.18
10/7/2016,589.05
11/7/2016,610.55
12/7/2016,598.04
13/7/2016,597.15
14/7/2016,604.76
15/7/2016,603.56
16/7/2016,614.5
17/7/2016,610.71
18/7/2016,611.56
19/7/2016,606.22
20/7/2016,604.08
21/7/2016,594.42
22/7/2016,600.93
23/7/2016,603.1
24/7/2016,594.34
25/7/2016,594.11
26/7/2016,593.15
27/7/2016,591.92
28/7/2016,588.61
29/7/2016,585.32
30/7/2016,555.89
31/7/2016,535.12
1/8/2016,457.19
2/8/2016,509.9
3/8/2016,524.54
4/8/2016,522.72
5/8/2016,534.73
6/8/2016,539.9
7/8/2016,537.13
8/8/2016,531.42
9/8/2016,530.47
10/8/2016,529.85
11/8/2016,527.15
12/8/2016,525.39
13/8/2016,510.88
14/8/2016,509.21
15/8/2016,515.92
16/8/2016,508.65
17/8/2016,507.43
18/8/2016,509.32
19/8/2016,515.09
20/8/2016,513.72
21/8/2016,519.16
22/8/2016,516.06
23/8/2016,515
24/8/2016,511.39
25/8/2016,516.42
26/8/2016,508.91
27/8/2016,511.98
28/8/2016,512.32
29/8/2016,516.43
30/8/2016,513.07
31/8/2016,510.22
1/9/2016,513.85
2/9/2016,531.48
3/9/2016,542
4/9/2016,542.18
5/9/2016,542.75
6/9/2016,547.18
7/9/2016,556.03
8/9/2016,554.62
9/9/2016,556.53
10/9/2016,539.56
11/9/2016,541.3
12/9/2016,544.45
13/9/2016,544
14/9/2016,541.64
15/9/2016,544.21
16/9/2016,542.79
17/9/2016,545.16
18/9/2016,543.91
19/9/2016,544.62
20/9/2016,533.97
21/9/2016,531.3
22/9/2016,537.9
23/9/2016,539.34
24/9/2016,536.01
25/9/2016,541.3
26/9/2016,542.14
27/9/2016,541.75
28/9/2016,540.34
29/9/2016,545.3
30/9/2016,549.89
1/10/2016,545.72
2/10/2016,546.9
3/10/2016,546.71
4/10/2016,549.96
5/10/2016,550.68
6/10/2016,556.12
7/10/2016,555.59
8/10/2016,552.88
9/10/2016,556.09
10/10/2016,582.24
11/10/2016,579.33
12/10/2016,574.85
13/10/2016,583.05
14/10/2016,582.64
15/10/2016,585.22
16/10/2016,581.18
17/10/2016,582.04
18/10/2016,576.29
19/10/2016,579.09
20/10/2016,582.17
21/10/2016,601.69
22/10/2016,599.9
23/10/2016,600.17
24/10/2016,601.59
25/10/2016,620.56
26/10/2016,628.72
27/10/2016,628.12
28/10/2016,645.13
29/10/2016,628.48
30/10/2016,700.748
31/10/2016,634.14
1/11/2016,658.54
2/11/2016,662.53
3/11/2016,618.44
4/11/2016,632.02
5/11/2016,631.84
6/11/2016,639.95
7/11/2016,637.74
8/11/2016,646.54
9/11/2016,661.01
10/11/2016,657.8
11/11/2016,660.61
12/11/2016,647.53
13/11/2016,647.24
14/11/2016,657.94
15/11/2016,663.66
16/11/2016,694.09
17/11/2016,694.2
18/11/2016,704.57
19/11/2016,708.45
20/11/2016,688.2
21/11/2016,694.84
22/11/2016,707.35
23/11/2016,705.33
24/11/2016,700.76
25/11/2016,701.9
26/11/2016,696.55
27/11/2016,693.33
28/11/2016,695.09
29/11/2016,691.61
30/11/2016,703.65
1/12/2016,709.97
2/12/2016,730.59
3/12/2016,727.75
4/12/2016,732.25
5/12/2016,714.7
6/12/2016,717.94
7/12/2016,722.18
8/12/2016,730.17
9/12/2016,734.11
10/12/2016,736.74
11/12/2016,740.66
12/12/2016,739.27
13/12/2016,740.04
14/12/2016,739.26
15/12/2016,747.91
16/12/2016,752.86
17/12/2016,760.05
18/12/2016,759.18
19/12/2016,764.64
20/12/2016,776.29
21/12/2016,796.26
22/12/2016,825.53
23/12/2016,881.88
24/12/2016,855.02
25/12/2016,858.6
26/12/2016,863.07
27/12/2016,888.46
28/12/2016,936.44
29/12/2016,930.84
30/12/2016,913.45
31/12/2016,913.7
1/1/2017,946.47
2/1/2017,973.48
3/1/2017,990.37
4/1/2017,1073.81
5/1/2017,941.38
6/1/2017,846.85
7/1/2017,854.12
8/1/2017,866.14
9/1/2017,859.78
10/1/2017,866.43
11/1/2017,750.87
12/1/2017,771.5
13/1/2017,781.57
14/1/2017,770.39
15/1/2017,777.51
16/1/2017,789.56
17/1/2017,855.16
18/1/2017,827.91
19/1/2017,843.65
20/1/2017,841.11
21/1/2017,864.59
22/1/2017,862.01
23/1/2017,862.57
24/1/2017,838.05
25/1/2017,836.72
26/1/2017,859.85
27/1/2017,860.77
28/1/2017,861.51
29/1/2017,856.49
30/1/2017,861.99
31/1/2017,900.53
1/2/2017,918.95
2/2/2017,938.11
3/2/2017,942.19
4/2/2017,959.79
5/2/2017,943.85
6/2/2017,953.77
7/2/2017,987.91
8/2/2017,990.85
9/2/2017,921.34
10/2/2017,940.8
11/2/2017,950.4
12/2/2017,945.91
13/2/2017,944.51
14/2/2017,957.38
15/2/2017,958.91
16/2/2017,979.32
17/2/2017,993
18/2/2017,998.12
19/2/2017,991.58
20/2/2017,1019.55
21/2/2017,1063.66
22/2/2017,1065.55
23/2/2017,1113.34
24/2/2017,1119.65
25/2/2017,1090.37
26/2/2017,1110.13
27/2/2017,1124.17
28/2/2017,1119.77
1/3/2017,1156.18
2/3/2017,1193.46
3/3/2017,1210.2
4/3/2017,1189.72
5/3/2017,1192.98
6/3/2017,1209.1
7/3/2017,1167.45
8/3/2017,1073.95
9/3/2017,1127.61
10/3/2017,1045.9
11/3/2017,1105.85
12/3/2017,1148.07
13/3/2017,1157.07
14/3/2017,1166.83
15/3/2017,1169.9
16/3/2017,1078.74
17/3/2017,994.87
18/3/2017,883.13
19/3/2017,944.86
20/3/2017,959.48
21/3/2017,1024.58
22/3/2017,957.05
23/3/2017,952.73
24/3/2017,858.4
25/3/2017,878.53
26/3/2017,953.97
27/3/2017,959.37
28/3/2017,960.89
29/3/2017,963.7
30/3/2017,1006.92
31/3/2017,1018.38
1/4/2017,1028.39
2/4/2017,1073.27
3/4/2017,1065.98
4/4/2017,1060.21
5/4/2017,1127.15
6/4/2017,1123.86
7/4/2017,1113.81
8/4/2017,1131.66
9/4/2017,1134.48
10/4/2017,1150.08
11/4/2017,1138.22
12/4/2017,1103.49
13/4/2017,1111.42
14/4/2017,1098.7
15/4/2017,1109.93
16/4/2017,1116.08
17/4/2017,1121.99
18/4/2017,1127.57
19/4/2017,1152.22
20/4/2017,1158.34
21/4/2017,1150
22/4/2017,1143.71
23/4/2017,1155.5
24/4/2017,1168.51
25/4/2017,1182.07
26/4/2017,1214.77
27/4/2017,1213.03
28/4/2017,1214.95
29/4/2017,1226.32
30/4/2017,1258.54
1/5/2017,1317.71
2/5/2017,1376.41
3/5/2017,1385.32
4/5/2017,1378.04
5/5/2017,1407.38
6/5/2017,1418.82
7/5/2017,1513.65
8/5/2017,1572.26
9/5/2017,1634.72
10/5/2017,1690.57
11/5/2017,1557.8
12/5/2017,1637.8
13/5/2017,1641.25
14/5/2017,1598.45
15/5/2017,1604.2
16/5/2017,1648.68
17/5/2017,1704.02
18/5/2017,1751.84
19/5/2017,1805.73
20/5/2017,1803.6
21/5/2017,1858.53
22/5/2017,1995.49
23/5/2017,2124.19
24/5/2017,1998.17
25/5/2017,1986.17
26/5/2017,1800.97
27/5/2017,1902.86
28/5/2017,2043.19
29/5/2017,1923.75
30/5/2017,2051.72
31/5/2017,2132.19
1/6/2017,2220.76
2/6/2017,2269.98
3/6/2017,2246.48
4/6/2017,2392.58
5/6/2017,2553.86
6/6/2017,2411.65
7/6/2017,2506.41
8/6/2017,2534.67
9/6/2017,2522.92
10/6/2017,2607.78
11/6/2017,2337.44
12/6/2017,2405.65
13/6/2017,2206.71
14/6/2017,2166.59
15/6/2017,2218.27
16/6/2017,2356.5
17/6/2017,2231.08
18/6/2017,2293.28
19/6/2017,2440.94
20/6/2017,2365.3
21/6/2017,2399.69
22/6/2017,2404.03
23/6/2017,2288.28
24/6/2017,2224.37
25/6/2017,2142.36
26/6/2017,2226.8
27/6/2017,2248.93
28/6/2017,2217.44
29/6/2017,2147.76
30/6/2017,2109.41
1/7/2017,2201.95
2/7/2017,2249.87
3/7/2017,2292.74
4/7/2017,2296.27
5/7/2017,2288.03
6/7/2017,2203.83
7/7/2017,2244.06
8/7/2017,2206.51
9/7/2017,2052.97
10/7/2017,2022.15
11/7/2017,2090.75
12/7/2017,2053.46
13/7/2017,1940.75
14/7/2017,1725.15
15/7/2017,1670.64
16/7/2017,1934.48
17/7/2017,2011.31
18/7/2017,1968.05
19/7/2017,2436.04
20/7/2017,2295.68
21/7/2017,2424.4
22/7/2017,2363.29
23/7/2017,2378.55
24/7/2017,2214.34
25/7/2017,2184.32
26/7/2017,2294.55
27/7/2017,2381.08
28/7/2017,2318.37
29/7/2017,2369.13
30/7/2017,2467.06
31/7/2017,2328.56
1/8/2017,2283.06
2/8/2017,2373.92
3/8/2017,2431.35
4/8/2017,2759.23
5/8/2017,2734.11
6/8/2017,2874.39
7/8/2017,2925.29
8/8/2017,2869.25
9/8/2017,2916.3
10/8/2017,3110.91
11/8/2017,3289.21
12/8/2017,3458.17
13/8/2017,3681.48
14/8/2017,3546.95
15/8/2017,3733.59
16/8/2017,3646.62
17/8/2017,3530.94
18/8/2017,3555.68
19/8/2017,3485.58
20/8/2017,3406.71
21/8/2017,3500.83
22/8/2017,3541.95
23/8/2017,3686.73
24/8/2017,3681.86
25/8/2017,3663.49
26/8/2017,3644.45
27/8/2017,3671.02
28/8/2017,3820.26
29/8/2017,3839.76
30/8/2017,3983.95
31/8/2017,4145.42
1/9/2017,3893.78
2/9/2017,3924.31
3/9/2017,3672.46
4/9/2017,3780.82
5/9/2017,3912.34
6/9/2017,3883.01
7/9/2017,3662.21
8/9/2017,3635.77
9/9/2017,3578.29
10/9/2017,3544.73
11/9/2017,3492.99
12/9/2017,3250.09
13/9/2017,2735.87
14/9/2017,3157.37
15/9/2017,3125.83
16/9/2017,3112.56
17/9/2017,3454.42
18/9/2017,3274.26
19/9/2017,3264.22
20/9/2017,3045.85
21/9/2017,3055.18
22/9/2017,3182.26
23/9/2017,3093.01
24/9/2017,3316.26
25/9/2017,3284.23
26/9/2017,3570.58
27/9/2017,3547.04
28/9/2017,3517.27
29/9/2017,3666.89
30/9/2017,3697.62
1/10/2017,3743.93
2/10/2017,3678.23
3/10/2017,3600.86
4/10/2017,3682.08
5/10/2017,3707.64
6/10/2017,3767.68
7/10/2017,3883.93
8/10/2017,4046.34
9/10/2017,4022.61
10/10/2017,4061.99
11/10/2017,4546.49
12/10/2017,4746.28
13/10/2017,4884.29
14/10/2017,4780.31
15/10/2017,4858.88
16/10/2017,4758.56
17/10/2017,4754.53
18/10/2017,4808.71
19/10/2017,5065.72
20/10/2017,5127.37
21/10/2017,5100.86
22/10/2017,5006.49
23/10/2017,4754.15
24/10/2017,4895.13
25/10/2017,5071.09
26/10/2017,5004.47
27/10/2017,4975.19
28/10/2017,5275.75
29/10/2017,6171.206
30/10/2017,5288.64
31/10/2017,5540.38
1/11/2017,5870.89
2/11/2017,6077.35
3/11/2017,6248.98
4/11/2017,6384.05
5/11/2017,6415.64
6/11/2017,6048.21
7/11/2017,6178.49
8/11/2017,6479.81
9/11/2017,6191.79
10/11/2017,5710.94
11/11/2017,5487.15
12/11/2017,5079.19
13/11/2017,5662.26
14/11/2017,5680.15
15/11/2017,6253.78
16/11/2017,6645.07
17/11/2017,6560.64
18/11/2017,6602.55
19/11/2017,6793.29
20/11/2017,7001.29
21/11/2017,6930.79
22/11/2017,7010.18
23/11/2017,6811.82
24/11/2017,6909.83
25/11/2017,7273.52
26/11/2017,7699.62
27/11/2017,8107.03
28/11/2017,8311.49
29/11/2017,8438.79
30/11/2017,8564.24
1/12/2017,9176.17
2/12/2017,9250.96
3/12/2017,9513.85
4/12/2017,9755.3
5/12/2017,9942.29
6/12/2017,11795.53
7/12/2017,15046.27
8/12/2017,13503.35
9/12/2017,12697.71
10/12/2017,12669.29
11/12/2017,13863.96
12/12/2017,14196.48
13/12/2017,13651.18
14/12/2017,13832.48
15/12/2017,14879.76
16/12/2017,16376.3
17/12/2017,15992.81
18/12/2017,15992.44
19/12/2017,14992.29
20/12/2017,13961.36
21/12/2017,13009.24
22/12/2017,11867.06
23/12/2017,12503.76
24/12/2017,11887.31
25/12/2017,11733.82
26/12/2017,13259.28
27/12/2017,13087.45
28/12/2017,12264.02
29/12/2017,12247.68
30/12/2017,10654.4
31/12/2017,11850.31
1/1/2018,11391.39
2/1/2018,12319.79
3/1/2018,12786.04
4/1/2018,12725.41
5/1/2018,14183.3
6/1/2018,14338.58
7/1/2018,13490.26
8/1/2018,12618.13
9/1/2018,12125.31
10/1/2018,12427.96
11/1/2018,11144.19
12/1/2018,11497.98
13/1/2018,11797.41
14/1/2018,11300.22
15/1/2018,11192.51
16/1/2018,9306.21
17/1/2018,9206.16
18/1/2018,9325.4
19/1/2018,9555.89
20/1/2018,10538.09
21/1/2018,9522.45
22/1/2018,8869.76
23/1/2018,8838.04
24/1/2018,9231.54
25/1/2018,9011.81
26/1/2018,8976.46
27/1/2018,9190.63
28/1/2018,9401.97
29/1/2018,9030.15
30/1/2018,8097.68
31/1/2018,8153.29
1/2/2018,7179.62
2/2/2018,7097.12
3/2/2018,7424.29
4/2/2018,6544.21
5/2/2018,5480.88
6/2/2018,6207.05
7/2/2018,6177.36
8/2/2018,6755.16
9/2/2018,7085.01
10/2/2018,7004.35
11/2/2018,6606.51
12/2/2018,7238.94
13/2/2018,6921.73
14/2/2018,7634.42
15/2/2018,8061.63
16/2/2018,8219.99
17/2/2018,8970.39
18/2/2018,8422.68
19/2/2018,9025.14
20/2/2018,9127.06
21/2/2018,8520.17
22/2/2018,7984.35
23/2/2018,8271.31
24/2/2018,7888.1
25/2/2018,7795.73
26/2/2018,8371.54
27/2/2018,8632
28/2/2018,8449.99
1/3/2018,8871.24
2/3/2018,8948.98
3/3/2018,9240.26
4/3/2018,9297.45
5/3/2018,9261.72
6/3/2018,8635.62
7/3/2018,8017.75
8/3/2018,7551
9/3/2018,7526.65
10/3/2018,7140.62
11/3/2018,7748.46
12/3/2018,7409.44
13/3/2018,7402.44
14/3/2018,6632.47
15/3/2018,6739.05
16/3/2018,6742.8
17/3/2018,6404.29
18/3/2018,6681.96
19/3/2018,6972.23
20/3/2018,7290.64
21/3/2018,7223.15
22/3/2018,7080.46
23/3/2018,7226.89
24/3/2018,6924.17
25/3/2018,6550.56
26/3/2018,6303.37
27/3/2018,6451.72
28/3/2018,5746.79
29/3/2018,5540.98
30/3/2018,5623.98
31/3/2018,5528.67
1/4/2018,5741.43
2/4/2018,6053.67
3/4/2018,5530.8
4/4/2018,5524.89
5/4/2018,5392.55
6/4/2018,5610.66
7/4/2018,5724.27
8/4/2018,5506.4
9/4/2018,5534.76
10/4/2018,5608.91
11/4/2018,6421.46
12/4/2018,6385.6
13/4/2018,6489.92
14/4/2018,6777.36
15/4/2018,6498.95
16/4/2018,6389.52
17/4/2018,6602.17
18/4/2018,6714.3
19/4/2018,7212.58
20/4/2018,7255.54
21/4/2018,7171.25
22/4/2018,7313.4
23/4/2018,7896.49
24/4/2018,7277.76
25/4/2018,7651.6
26/4/2018,7363.41
27/4/2018,7692.67
28/4/2018,7749.02
29/4/2018,7647.28
30/4/2018,7546.19
1/5/2018,7691.23
2/5/2018,8097.91
3/5/2018,8088.58
4/5/2018,8191.5
5/5/2018,8026.34
6/5/2018,7847.45
7/5/2018,7735.12
8/5/2018,7825.16
9/5/2018,7540.29
10/5/2018,7036.99
11/5/2018,7099.5
12/5/2018,7280.3
13/5/2018,7264.42
14/5/2018,7173.58
15/5/2018,7063.92
16/5/2018,6847.07
17/5/2018,7006.31
18/5/2018,6997.04
19/5/2018,7233.78
20/5/2018,7127.44
21/5/2018,6786.71
22/5/2018,6413.4
23/5/2018,6473.4
24/5/2018,6415.96
25/5/2018,6297.91
26/5/2018,6283.5
27/5/2018,6118.18
28/5/2018,6471.16
29/5/2018,6342.95
30/5/2018,6408.47
31/5/2018,6448.54
1/6/2018,6547.54
2/6/2018,6616.42
3/6/2018,6407.54
4/6/2018,6503.14
5/6/2018,6495.83
6/6/2018,6519.55
7/6/2018,6476.92
8/6/2018,6371.28
9/6/2018,5751.72
10/6/2018,5852.53
11/6/2018,5587.79
12/6/2018,5345.66
13/6/2018,5746.04
14/6/2018,5515
15/6/2018,5626.18
16/6/2018,5584.57
17/6/2018,5770.28
18/6/2018,5821.74
19/6/2018,5837.29
20/6/2018,5793.59
21/6/2018,5210.14
22/6/2018,6046.968
23/6/2018,5307.14
24/6/2018,5274.1
25/6/2018,6250.56
26/6/2018,6072.115
27/6/2018,6133.31
28/6/2018,5853.388
29/6/2018,6204.91
30/6/2018,5467.89
1/7/2018,5433.4
2/7/2018,6614.11
3/7/2018,6510.21
4/7/2018,6589.911
5/7/2018,6531.424
6/7/2018,6601.327
7/7/2018,5744.01
8/7/2018,5708.73
9/7/2018,6665.849
10/7/2018,6302.577
11/7/2018,6389.7
12/7/2018,6248.972
13/7/2018,6219.729
14/7/2018,5375.705
15/7/2018,5437.43
16/7/2018,6728.974
17/7/2018,7313.195
18/7/2018,7374.813
19/7/2018,7469.962
20/7/2018,7332.934
21/7/2018,6325.49
22/7/2018,6320.2
23/7/2018,7719.666
24/7/2018,8392.397
25/7/2018,8165.497
26/7/2018,7938.387
27/7/2018,8187.427
28/7/2018,7003.305
29/7/2018,7049.71
30/7/2018,8166.42
31/7/2018,7728.748
1/8/2018,7603.949
2/8/2018,7534.928
3/8/2018,7419.354
4/8/2018,6055.72
5/8/2018,6071.5
6/8/2018,6935.888
7/8/2018,6718.236
8/8/2018,6281.392
9/8/2018,6539.705
10/8/2018,6145.513
11/8/2018,5471.3
12/8/2018,5544.4
13/8/2018,6247.206
14/8/2018,6188.931
15/8/2018,6269.41
16/8/2018,6313.896
17/8/2018,6583.511
18/8/2018,5625.735
19/8/2018,5697.015
20/8/2018,6256.063
21/8/2018,6477.417
22/8/2018,6360.811
23/8/2018,6525.635
24/8/2018,6683.434
25/8/2018,5789.94
26/8/2018,5750.12
27/8/2018,6908.184
28/8/2018,7074.731
29/8/2018,7032.274
30/8/2018,6984.191
31/8/2018,7014.06
1/9/2018,6174.8
2/9/2018,6221.9
3/9/2018,7262.666
4/9/2018,7359.069
5/9/2018,6698.647
6/9/2018,6510.822
7/9/2018,6395.967
8/9/2018,5387.385
9/9/2018,5409.225
10/9/2018,6306.137
11/9/2018,6292.799
12/9/2018,6333.333
13/9/2018,6487.412
14/9/2018,6477.79
15/9/2018,5624.815
16/9/2018,5593
17/9/2018,6248.873
18/9/2018,6335.658
19/9/2018,6390.781
20/9/2018,6492.644
21/9/2018,6759.681
22/9/2018,5711.815
23/9/2018,5725.425
24/9/2018,6583.221
25/9/2018,6441.399
26/9/2018,6464.326
27/9/2018,6688.627
28/9/2018,6635.039
29/9/2018,5676.7
30/9/2018,5703.3
1/10/2018,6601.053
2/10/2018,6520.986
3/10/2018,6492.866
4/10/2018,6585.402
5/10/2018,6630.855
6/10/2018,5696.315
7/10/2018,5683.39
8/10/2018,6646.771
9/10/2018,6609.54
10/10/2018,6579.514
11/10/2018,6218.466
12/10/2018,6273.632
13/10/2018,5362.7
15/10/2018,6596.699
16/10/2018,6518.164
17/10/2018,6662.356
18/10/2018,6549.871
19/10/2018,6498.766
20/10/2018,5594.4
21/10/2018,5602.455
22/10/2018,6518.048
23/10/2018,5577.6
24/10/2018,5644.9
25/10/2018,5623.9
26/10/2018,5621.42
29/10/2018,5515
30/10/2018,5539.99
31/10/2018,5578.8
1/11/2018,5536.6
2/11/2018,5572
5/11/2018,5635.9
6/11/2018,5638.1
7/11/2018,5687.4
8/11/2018,5664.1
9/11/2018,5601
12/11/2018,5641.945
13/11/2018,5590.035
14/11/2018,4942.5
15/11/2018,4865.505
16/11/2018,4362.865
19/11/2018,4195.3
20/11/2018,3746.9
21/11/2018,3927
22/11/2018,3880.24
23/11/2018,3898.6
26/11/2018,3331.1
27/11/2018,3366.49
28/11/2018,3698.285
29/11/2018,3715
30/11/2018,3569.8
3/12/2018,3391.6
4/12/2018,3513.8
5/12/2018,3285
6/12/2018,3169.23
7/12/2018,3072.5
10/12/2018,3021.635
11/12/2018,3069.7
12/12/2018,3103
13/12/2018,3003.31
14/12/2018,2922.8
17/12/2018,3065.49
18/12/2018,3133.85
19/12/2018,3271.85
20/12/2018,3635.65
21/12/2018,3455.3
24/12/2018,3660.3
25/12/2018,3331.11
26/12/2018,3362.1
27/12/2018,3274.6
28/12/2018,3515.8
31/12/2018,3225.2
2/1/2019,3441.4
3/1/2019,3375.5
4/1/2019,3365.9
7/1/2019,3487.5
8/1/2019,3507.89
9/1/2019,3487.18
10/1/2019,3181.3
11/1/2019,3170
14/1/2019,3194.04
15/1/2019,3146.44
16/1/2019,3163.04
17/1/2019,3199.45
18/1/2019,3193.4
21/1/2019,3115.97
22/1/2019,3156.8
23/1/2019,3123.89
24/1/2019,3166.72
25/1/2019,3131.73
28/1/2019,3005.76
29/1/2019,2975.6
30/1/2019,3000.72
31/1/2019,2991.91
1/2/2019,3006.63
4/2/2019,2989.69
5/2/2019,3004.475
6/2/2019,2967.12
7/2/2019,2964.1
8/2/2019,3165.91
11/2/2019,3195.95
12/2/2019,3172.7
13/2/2019,3176.21
14/2/2019,3161.64
15/2/2019,3163.7
18/2/2019,3413.6
19/2/2019,3455.02
20/2/2019,3461.8
21/2/2019,3433.89
22/2/2019,3481.4
25/2/2019,3368
26/2/2019,3338.27
27/2/2019,3313
28/2/2019,3344.97
1/3/2019,3359.035
4/3/2019,3266.2
5/3/2019,3393.97
6/3/2019,3406.765
7/3/2019,3458.035
8/3/2019,3411.405
11/3/2019,3423
12/3/2019,3429.4
13/3/2019,3398.82
14/3/2019,3407.66
15/3/2019,3437.66
18/3/2019,3513.38
19/3/2019,3525.03
20/3/2019,3532.4
21/3/2019,3498.9
22/3/2019,3528.45
25/3/2019,3456.94
26/3/2019,3475.98
27/3/2019,3566.2
28/3/2019,3573.08
29/3/2019,3645.315
1/4/2019,3698.21
2/4/2019,4279.83
3/4/2019,4674.465
4/4/2019,4387.6
5/4/2019,4475.985
8/4/2019,4697.4
9/4/2019,4640.54
10/4/2019,4693.7
11/4/2019,4475.005
12/4/2019,4491.2
15/4/2019,4450.2
16/4/2019,4615.1
17/4/2019,4629.2
18/4/2019,4721.7
23/4/2019,4975.62
24/4/2019,4877.56
25/4/2019,4865.5
26/4/2019,4600.67
29/4/2019,4589.8
30/4/2019,4694.7
1/5/2019,4727
2/5/2019,4842.8
3/5/2019,5084.8
7/5/2019,5267.52
8/5/2019,5271.5
9/5/2019,5449.4
10/5/2019,5642.98
13/5/2019,7200
14/5/2019,6940
15/5/2019,7277.19
16/5/2019,7103.29
17/5/2019,6509.91
20/5/2019,7207.9
21/5/2019,7175.03
22/5/2019,6883.09
23/5/2019,7072.67
24/5/2019,7183.19
27/5/2019,7885.01
28/5/2019,7807
29/5/2019,7802.84
30/5/2019,7389.1
31/5/2019,7645.9
3/6/2019,7572.15
4/6/2019,6678
5/6/2019,6904.1
6/6/2019,6864.17
7/6/2019,7030.03
10/6/2019,7039.7
11/6/2019,6988.54
12/6/2019,7222.81
13/6/2019,7399.16
14/6/2019,7683.9
17/6/2019,8273.6
18/6/2019,8049
19/6/2019,8213.8
20/6/2019,8422.82
21/6/2019,8734.15
24/6/2019,9611.99
25/6/2019,10164
26/6/2019,10894.18
27/6/2019,9509.8
28/6/2019,10791
1/7/2019,9350.98
2/7/2019,9456.4
3/7/2019,10107.9
4/7/2019,10290
5/7/2019,9875.36
8/7/2019,10997
9/7/2019,11204.65
10/7/2019,10631.82
11/7/2019,10053
12/7/2019,10490.8
15/7/2019,9585.5
16/7/2019,8584.74
17/7/2019,8785.15
18/7/2019,9397.22
19/7/2019,9406.29
22/7/2019,9168.65
23/7/2019,9085
24/7/2019,8779.4
25/7/2019,8894.99
26/7/2019,8822.1
29/7/2019,8521.4
30/7/2019,8585.8
31/7/2019,9047.23
1/8/2019,9404.7
2/8/2019,9387.8
5/8/2019,10470.1
6/8/2019,10150.5
7/8/2019,10660.3
8/8/2019,10458.6
9/8/2019,10629.11
12/8/2019,10166.67
13/8/2019,9721.97
14/8/2019,9149.99
15/8/2019,9320.08
16/8/2019,9429.65
19/8/2019,9684.31
20/8/2019,9715.01
21/8/2019,9077
22/8/2019,9155.39
23/8/2019,9367.5
26/8/2019,9245.22
27/8/2019,9142.45
28/8/2019,8810
29/8/2019,8605.9
30/8/2019,8758.43
2/9/2019,9457.4
3/9/2019,9742.66
4/9/2019,9662.6
5/9/2019,9552.05
6/9/2019,9442.89
9/9/2019,9320.55
10/9/2019,9155.92
11/9/2019,9243.8
12/9/2019,9427.25
13/9/2019,9296.86
16/9/2019,9376.44
17/9/2019,9233.5
18/9/2019,9238.95
19/9/2019,9310
20/9/2019,9200.61
23/9/2019,8873.99
24/9/2019,7889.99
25/9/2019,7873.09
26/9/2019,7400
27/9/2019,7530.48
30/9/2019,7590.27
1/10/2019,7644.92
2/10/2019,7550
3/10/2019,7474.03
4/10/2019,7458.36
7/10/2019,7481.4
8/10/2019,7459.45
9/10/2019,7802.16
10/10/2019,7794.04
11/10/2019,7555
14/10/2019,7556.42
15/10/2019,7401.18
16/10/2019,7209.3
17/10/2019,7254.43
18/10/2019,7130.88
21/10/2019,7383.95
22/10/2019,7281.7
23/10/2019,6683.81
24/10/2019,6715.01
25/10/2019,7752.2
28/10/2019,8530.71
29/10/2019,8524.04
30/10/2019,8273.8
31/10/2019,8184.85
1/11/2019,8267.8
4/11/2019,8431.9
5/11/2019,8432.54
6/11/2019,8448.13
7/11/2019,8349.1
8/11/2019,8008.98
11/11/2019,7893.05
12/11/2019,7970.96
13/11/2019,7950.01
14/11/2019,7853.48
15/11/2019,7708.5
18/11/2019,7453.4
19/11/2019,7352.8
20/11/2019,7306.365
21/11/2019,6890.115
22/11/2019,6610.5
25/11/2019,6570.37
26/11/2019,6489.85
27/11/2019,6855.25
28/11/2019,6718.45
29/11/2019,7028.55
2/12/2019,6632.765
3/12/2019,6609.505
4/12/2019,6523.735
5/12/2019,6669.95
6/12/2019,6808.005
9/12/2019,6633.485
10/12/2019,6522.25
11/12/2019,6464.215
12/12/2019,6425.1
13/12/2019,6513.94
16/12/2019,6182
17/12/2019,5958.8
18/12/2019,6580.35
19/12/2019,6435.155
20/12/2019,6500.55
23/12/2019,6573.45
24/12/2019,6536.1
27/12/2019,6477.88
30/12/2019,6530.15
31/12/2019,6401.16
2/1/2020,6236.15
3/1/2020,6547.26
6/1/2020,6781.7
7/1/2020,7204.25
8/1/2020,7261.68
9/1/2020,7037.05
10/1/2020,7272.825
13/1/2020,7291.65
14/1/2020,7874.005
15/1/2020,7928.25
16/1/2020,7827.665
17/1/2020,8043.1
20/1/2020,7825.25
21/1/2020,7867.625
22/1/2020,7796.7
23/1/2020,7607.515
24/1/2020,7657.75